{
  "Abandoned Kakariko Mine": { "map": "totk", "top": "62%", "left": "65%", "layer": "depths" },
  "_comment7": "done",
  "Akkala Highlands": { "map": "both", "top": "27%", "left": "85%", "layer": "ground" },
  "_comment8": "done",
  "Akkala Highlands Depths": { "map": "totk", "top": "27%", "left": "84%", "layer": "depths" },
"_comment50": "done",
  "Akkala Sea": { "map": "botw", "top": "18%", "left": "92%" },
   "_comment51": "done",
  "Central Hyrule Depths": { "map": "totk", "top": "50%", "left": "50%", "layer": "depths" },
"_comment52": "done",
  "Central Hyrule Sky": { "map": "totk", "top": "50%", "left": "51%", "layer": "sky" },
"_comment34": "done",
  "Crenel Peak": { "map": "botw", "top": "47%", "left": "60%" },
  "_comment24": "done",
  "Death Mountain": { "map": "both", "top": "24%", "left": "71%", "layer": "ground" },
  "_comment23": "done",
  "Death Mountain Depths": { "map": "totk", "top": "24%", "left": "70%", "layer": "depths" },
  "_comment28": "done",
  "Deep Akkala": { "map": "both", "top": "19%", "left": "79%", "layer":"ground" },
  "_comment29": "done",
  "Deep Akkala Depths": { "map": "totk", "top": "19%", "left": "78%", "layer":"depths" },
"_comment53": "done",
  "Divine Beast Vah Medoh": { "map": "botw", "top": "32%", "left": "20%" },
"_comment54": "done",
  "Divine Beast Vah Naboris": { "map": "botw", "top": "80%", "left": "17%" },
"_comment55": "done",
  "Divine Beast Vah Rudania": { "map": "botw", "top": "25%", "left": "71%" },
"_comment56": "done",
  "Divine Beast Vah Ruta": { "map": "botw", "top": "51%", "left": "82%" },
  "_comment11": "done",
  "East Gerudo Sky Archipelago": { "map": "totk", "top": "70%", "left": "35%", "layer": "sky" },
  "_comment5": "done",
  "East Necluda": { "map": "both", "top": "79%", "left": "76%", "layer": "ground" },
  "_comment6": "done",
  "East Necluda Depths": { "map": "totk", "top": "79%", "left": "76%", "layer": "depths" },
   "_comment17": "done",
  "Eldin Canyon": { "map": "both", "top": "37%", "left": "66%", "layer": "ground" },
  "_comment30": "done",
  "Eldin Canyon Depths": { "map": "totk", "top": "37%", "left": "65%", "layer": "depths" },
    "_comment58": "done",
  "Eldin Great Spring": { "map": "totk", "top": "37%", "left": "69%", "layer": "ground" },
"_comment39": "done",
  "Eldin Mountains": { "map": "both", "top": "17%", "left": "60%", "layer": "ground" },
"_comment40": "done",
  "Eldin Mountains Depths": { "map": "totk", "top": "17%", "left": "61%", "layer": "depths" },
"_comment59": "done",
  "Eldin Sky Archipelago": { "map": "totk", "top": "25%", "left": "66%", "layer": "sky" },
  "_comment62": "done",
  "Eventide Island": { "map": "both", "top": "81%", "left": "86%", "layer": "ground" },
"_comment63": "done",
  "Faron": { "map": "both", "top": "78%", "left": "57%", "layer": "ground" },
 "_comment32": "done",
  "Faron Grasslands": { "map": "both", "top": "82%", "left": "45%", "layer": "ground" },
 "_comment33": "done",
  "Faron Grasslands Depths": { "map": "totk", "top": "82%", "left": "44%", "layer": "depths" },
 "_comment64": "done",
  "Faron Necluda": { "map": "totk", "top": "78%", "left": "57%", "layer": "ground" },
  "_comment65": "done",
  "Faron Sea": { "map": "totk", "top": "85%", "left": "50%", "layer": "ground" },
  "_comment66": "done",
  "Fire Temple": { "map": "totk", "top": "25%", "left": "71%", "layer": "depths" },
  "_comment67": "done",
  "Floria Bridge": { "map": "botw", "top": "85%", "left": "65%", "layer": "ground" },
  "_comment68": "done",
  "Gerudo Canyon": { "map": "totk", "top": "75%", "left": "31%", "layer": "ground" },
  "_comment2": "done",
  "Gerudo Desert": { "map": "both", "top": "91%", "left": "18%", "layer": "ground" },
  "_comment3": "done",
  "Gerudo Desert Depths": { "map": "totk", "top": "91%", "left": "17%", "layer": "depths" },
  "_comment4": "done",
  "Gerudo Desert Sky": { "map": "totk", "top": "91%", "left": "18%", "layer": "sky" },
"_comment47": "done",
  "Gerudo Highlands": { "map": "both", "top": "59%", "left": "16%", "layer": "ground" },
"_comment48": "done",
  "Gerudo Highlands Depths": { "map": "totk", "top": "59%", "left": "15%", "layer": "depths" },
"_comment69": "done",
  "Gerudo Town": { "map": "both", "top": "80%", "left": "18%", "layer": "ground" },
"_comment70": "done",
  "Goron City": { "map": "totk", "top": "26%", "left": "64%", "layer": "ground" },
"_comment45": "done",
  "Great Abandoned Central Mine": { "map": "totk", "top": "67%", "left": "43%", "layer": "depths" },
  "_comment19": "done",
  "Great Hyrule Forest": { "map": "both", "top": "27%", "left": "54%", "layer": "ground" },
  "_comment71": "done",
  "Great Plateau": { "map": "totk", "top": "70%", "left": "40%", "layer": "ground" },
    "_comment9": "done",
  "Great Sky Island": { "map": "totk", "top": "63%", "left": "53%", "layer": "sky" },
  "_comment72": "done",
  "Hateno Village": { "map": "totk", "top": "72%", "left": "82%", "layer": "ground" },
  "_comment12": "done",
  "Hebra Mountains": { "map": "both", "top": "21%", "left": "28%", "layer": "ground" },
  "_comment31": "done",
  "Hebra Mountains Depths": { "map": "totk", "top": "21%", "left": "27%", "layer": "depths" },
   "_comment35": "done",
  "Hyrule Castle": { "map": "both", "top": "40%", "left": "48%", "layer": "ground" },
  "_comment1": "done",
  "Hyrule Field": { "map": "both", "top": "58%", "left": "47%", "layer": "ground" },
  "_comment13": "done",
  "Hyrule Ridge": { "map": "both", "top": "46%", "left": "30%", "layer": "ground" },
  "_comment20": "done",
  "Hyrule Ridge Depths": { "map": "totk", "top": "46%", "left": "30%", "layer": "depths" },
  "_comment73": "done",
  "Kakariko Village": { "map": "both", "top": "60%", "left": "65%", "layer": "ground" },
  "_comment74": "done",
  "Lake Floria": { "map": "both", "top": "85%", "left": "65%", "layer": "ground" },
  "_comment49": "done",
  "Lake Hylia": { "map": "both", "top": "75%", "left": "50%", "layer": "ground" },
  "_comment14": "done",
  "Lanayru Great Spring": { "map": "both", "top": "48%", "left": "80%", "layer": "ground" },
  "_comment16": "done",
  "Lanayru Sea": { "map": "both", "top": "48%", "left": "90%", "layer": "ground" },
  "_comment37": "done",
  "Lanayru Sky Archipelago": { "map": "totk", "top": "45%", "left": "78%", "layer": "sky" },
"_comment46": "done",
  "Lanayru Wetland Depths": { "map": "totk", "top": "52%", "left": "65%", "layer": "depths" },
"_comment57": "done",
  "Lanayru Wetlands": { "map": "both", "top": "52%", "left": "66%", "layer": "ground" },
"_comment75": "done",
  "Lightning Temple": { "map": "totk", "top": "86%", "left": "12%", "layer": "ground" },
"_comment76": "done",
  "Lurelin Village": { "map": "totk", "top": "85%", "left": "75%", "layer": "ground" },
  "_comment26": "done",
  "Mount Lanayru": { "map": "both", "top": "63%", "left": "82%", "layer": "ground" },
  "_comment27": "done",
  "Mount Lanayru Depths": { "map": "totk", "top": "63%", "left": "81%", "layer": "depths" },
  "_comment15": "done",
  "Necluda Sea": { "map": "both", "top": "79%", "left": "83%", "layer": "ground" },
  "_comment61": "done",
  "Necluda Sea Sky": { "map": "totk", "top": "79%", "left": "82%", "layer": "sky" },
  "_comment60": "done",
  "Necluda Sky Archipelago": { "map": "totk", "top": "73%", "left": "68%", "layer": "sky" },
  "_comment77": "done",
  "North Akkala Sky Archipelago": { "map": "totk", "top": "20%", "left": "80%", "layer": "sky" },
"_comment44": "done",
  "North Gerudo Sky Archipelago": { "map": "totk", "top": "54%", "left": "21%", "layer": "sky" },
"_comment41": "done",
  "North Necluda Sky Archipelago": { "map": "totk", "top": "61%", "left": "65%", "layer": "sky" },
    "_comment10": "done",
  "North Tabantha Sky Archipelago": { "map": "totk", "top": "34%", "left": "20%", "layer": "sky" },
    "_comment36": "done",
  "Rising Island Chain": { "map": "totk", "top": "20%", "left": "26%", "layer": "sky" },
    "_comment78": "done",
  "Rito Stable": { "map": "botw", "top": "32%", "left": "23%", "layer": "ground" },
    "_comment79": "done",
  "Satori Mountain": { "map": "botw", "top": "55%", "left": "31%", "layer": "ground" },
    "_comment80": "done",
  "Seres Scablands": { "map": "botw", "top": "41%", "left": "32%", "layer": "ground" },
    "_comment81": "done",
  "South Eldin Sky Archipelago": { "map": "totk", "top": "38%", "left": "66%", "layer": "sky" },
"_comment43": "done",
  "South Lanayru Sky Archipelago": { "map": "totk", "top": "60%", "left": "86%", "layer": "sky" },
    "_comment82": "done",
  "Spirit Temple": { "map": "totk", "top": "82%", "left": "62%", "layer": "depths" },
  "_comment25": "done",
  "Tabantha Frontier": { "map": "both", "top": "39%", "left": "22%", "layer": "ground" },
  "_comment18": "done",
  "Tabantha Frontier Depths": { "map": "totk", "top": "40%", "left": "20%", "layer": "depths" },
  "_comment83": "done",
  "Tabantha Sky Archipelago": { "map": "totk", "top": "45%", "left": "20%", "layer": "sky" },
  "_comment85": "done",
  "Tabantha Tundra": { "map": "totk", "top": "23%", "left": "35%", "layer": "ground" },
  "_comment86": "done",
  "Thunderhead Isles": { "map": "totk", "top": "82%", "left": "60%", "layer": "sky" },
    "_comment38": "done",
  "Thyphlo Ruins": { "map": "totk", "top": "19%", "left": "53%", "layer": "ground" },
  "_comment87": "done",
  "Water Temple": { "map": "totk", "top": "43%", "left": "78%", "layer": "sky" },
  "_comment84": "done",
  "West Hebra Sky Archipelago": { "map": "totk", "top": "22%", "left": "18%", "layer": "sky" },
  "_comment21": "done",
  "West Necluda": { "map": "both", "top": "65%", "left": "61%", "layer": "ground" },
  "_comment22": "done",
  "West Necluda Depths": { "map": "totk", "top": "65%", "left": "61%", "layer": "depths" },
"_comment42": "done",
  "Wind Temple": { "map": "totk", "top": "20%", "left": "26%", "layer": "sky" },
"_comment89": "done",
  "Yiga Clan Hideout": { "map": "botw", "top": "63%", "left": "22%", "layer": "ground" },
"_comment90": "done",
  "Zora River": { "map": "totk", "top": "47%", "left": "73%", "layer": "ground" },
"_comment91": "done",
  "Zora's Domain": { "map": "totk", "top": "45%", "left": "78%", "layer": "ground" }
}